-- Migración de datos restantes
-- Tenant: dV5Ns1etmXSSteV83kua (julii1295@gmail.com)
-- Fecha: 2025-12-11T20:08:24.432Z

PRAGMA foreign_keys = OFF;


-- PRODUCTS (27 registros)
INSERT OR IGNORE INTO products (id, name, description, barcode, cost_price, sale_price, stock, min_stock, category_id, created_at, updated_at, tenant_id) VALUES ('16hTyTQY2kTSjUO3KqP5', 'Crema Dental Colgate 100ml', 'Pasta dental triple acción', '7702010000114', 4200, 6500, 25, 8, NULL, '2025-12-03T18:56:10.000Z', '2025-12-03T18:56:10.000Z', 'dV5Ns1etmXSSteV83kua');
INSERT OR IGNORE INTO products (id, name, description, barcode, cost_price, sale_price, min_stock, category_id, created_at, updated_at, stock, tenant_id) VALUES ('1rMnmhi2bkomKkweuOXj', 'Arroz Diana 500g', 'Arroz blanco de primera', '7702010000169', 1800, 2800, 20, NULL, '2025-12-03T18:56:11.000Z', '2025-12-03T19:34:36.000Z', 0, 'dV5Ns1etmXSSteV83kua');
INSERT OR IGNORE INTO products (id, name, description, barcode, cost_price, sale_price, stock, min_stock, category_id, created_at, updated_at, tenant_id) VALUES ('5lxOrEaw8C8WhF29kHJU', 'Papas Margarita 150g', 'Papas fritas sabor natural', '7702010000053', 3200, 5000, 35, 12, NULL, '2025-12-03T18:56:08.000Z', '2025-12-03T18:56:08.000Z', 'dV5Ns1etmXSSteV83kua');
INSERT OR IGNORE INTO products (id, name, description, barcode, cost_price, sale_price, min_stock, category_id, created_at, updated_at, stock, tenant_id) VALUES ('6AhJbHTY3OOr3a9LsfZZ', 'Cloro Blanqueador 1L', 'Blanqueador líquido', '7702010000275', 3500, 5500, 10, NULL, '2025-12-03T18:56:13.000Z', '2025-12-04T03:09:41.000Z', 29, 'dV5Ns1etmXSSteV83kua');
INSERT OR IGNORE INTO products (id, name, description, barcode, cost_price, sale_price, stock, min_stock, category_id, created_at, updated_at, tenant_id) VALUES ('9Sb4CNUuuSFUNAkXL4zd', 'Frijol Rojo 500g', 'Frijol rojo de cocina', '7702010000206', 3200, 5000, 35, 10, NULL, '2025-12-03T18:56:12.000Z', '2025-12-03T18:56:12.000Z', 'dV5Ns1etmXSSteV83kua');
INSERT OR IGNORE INTO products (id, name, description, barcode, cost_price, sale_price, stock, min_stock, category_id, created_at, updated_at, tenant_id) VALUES ('AtQoC1tDFo5sEUGMKHe2', 'Papel Higiénico Familia x4', 'Papel higiénico doble hoja', '7702010000121', 6500, 9500, 40, 12, NULL, '2025-12-03T18:56:10.000Z', '2025-12-03T18:56:10.000Z', 'dV5Ns1etmXSSteV83kua');
INSERT OR IGNORE INTO products (id, name, description, barcode, cost_price, sale_price, stock, min_stock, category_id, created_at, updated_at, tenant_id) VALUES ('Cq96or31t5vhUomQj3Dd', 'Jugo Hit Mora 1L', 'Jugo de mora tetrapack', '7702010000039', 2800, 4200, 25, 8, 'YE1so47M2ZEYtSlaGnb5', '2025-12-03T18:56:08.000Z', '2025-12-03T18:56:08.000Z', 'dV5Ns1etmXSSteV83kua');
INSERT OR IGNORE INTO products (id, name, description, barcode, cost_price, sale_price, stock, min_stock, category_id, expiration_date, created_at, updated_at, tenant_id) VALUES ('IwK9pOlFOnsBTGHz7e31', 'Queso Campesino 500g', 'Queso blanco campesino', '7702010000152', 8500, 12500, 15, 5, NULL, '2025-12-13T18:56:07.796Z', '2025-12-03T18:56:11.000Z', '2025-12-03T18:56:11.000Z', 'dV5Ns1etmXSSteV83kua');
INSERT OR IGNORE INTO products (id, name, description, barcode, cost_price, sale_price, stock, min_stock, category_id, created_at, updated_at, tenant_id) VALUES ('JLllcWAJSUtqljJj2Ih2', 'Sal 500g', 'Sal de cocina yodada', '7702010000190', 800, 1500, 40, 10, NULL, '2025-12-03T18:56:11.000Z', '2025-12-03T18:56:11.000Z', 'dV5Ns1etmXSSteV83kua');
INSERT OR IGNORE INTO products (id, name, description, barcode, cost_price, sale_price, stock, min_stock, category_id, created_at, updated_at, tenant_id) VALUES ('Mmm4zqrrsBZ8Ht5pT3TS', 'Doritos Nachos 100g', 'Tortillas de maíz sabor queso', '7702010000060', 2500, 4000, 50, 15, NULL, '2025-12-03T18:56:09.000Z', '2025-12-03T18:56:09.000Z', 'dV5Ns1etmXSSteV83kua');
INSERT OR IGNORE INTO products (id, name, description, barcode, cost_price, sale_price, stock, min_stock, category_id, expiration_date, created_at, updated_at, tenant_id) VALUES ('NEDkLJDVDiKuzH36RQoR', 'Pan Tajado Bimbo', 'Pan de molde tajado', '7702010000213', 3500, 5500, 20, 5, 'YZcDGzoKyvKHCyiEYhUr', '2025-12-10T18:56:07.796Z', '2025-12-03T18:56:12.000Z', '2025-12-03T18:56:12.000Z', 'dV5Ns1etmXSSteV83kua');
INSERT OR IGNORE INTO products (id, name, description, barcode, cost_price, sale_price, min_stock, category_id, created_at, updated_at, stock, tenant_id) VALUES ('NxOsBQxo0aOmsTdFihe8', 'Shampoo Sedal 350ml', 'Shampoo para cabello normal', '7702010000107', 8500, 12000, 5, NULL, '2025-12-03T18:56:09.000Z', '2025-12-04T03:09:42.000Z', 15, 'dV5Ns1etmXSSteV83kua');
INSERT OR IGNORE INTO products (id, name, description, barcode, cost_price, sale_price, stock, min_stock, category_id, expiration_date, created_at, updated_at, tenant_id) VALUES ('OM5tfFETBEfq7scWvDGY', 'Yogurt Alpina Fresa 200g', 'Yogurt con fruta sabor fresa', '7702010000145', 1800, 3000, 45, 15, NULL, '2025-12-23T18:56:07.796Z', '2025-12-03T18:56:10.000Z', '2025-12-03T18:56:10.000Z', 'dV5Ns1etmXSSteV83kua');
INSERT OR IGNORE INTO products (id, name, description, barcode, cost_price, sale_price, stock, min_stock, category_id, created_at, updated_at, tenant_id) VALUES ('Pd8G4sM1FSDKwDzWPBBp', 'Jabón Protex 120g', 'Jabón antibacterial', '7702010000091', 2800, 4500, 30, 10, NULL, '2025-12-03T18:56:09.000Z', '2025-12-03T18:56:09.000Z', 'dV5Ns1etmXSSteV83kua');
INSERT OR IGNORE INTO products (id, barcode, name, description, category_id, supplier_id, cost_price, sale_price, min_stock, expiration_date, images, created_at, updated_at, stock, tenant_id) VALUES ('RQwW0mI3Zg7rRtVvD9YU', '7702518030311', 'Servilletas popular ', 'Para secar', 'CGb9nnEu8XVONEhJHd6i', '', 4000, 4000, 10, '', '[]', '2025-12-05T01:45:35.000Z', '2025-12-05T01:46:25.000Z', 19, 'dV5Ns1etmXSSteV83kua');
INSERT OR IGNORE INTO products (id, name, description, barcode, cost_price, sale_price, stock, min_stock, category_id, created_at, updated_at, tenant_id) VALUES ('TKpKdQXhMEBmEQd65ift', 'Chocoramo', 'Ponqué con cobertura de chocolate', '7702010000084', 1200, 2000, 60, 20, NULL, '2025-12-03T18:56:09.000Z', '2025-12-03T18:56:09.000Z', 'dV5Ns1etmXSSteV83kua');
INSERT OR IGNORE INTO products (id, name, description, barcode, cost_price, sale_price, stock, min_stock, category_id, created_at, updated_at, tenant_id) VALUES ('UYK5glhUuyHBX1AfRiXB', 'Coca Cola 2L', 'Gaseosa Coca Cola 2 litros', '7702010000015', 4500, 6500, 45, 10, 'YE1so47M2ZEYtSlaGnb5', '2025-12-03T18:56:07.000Z', '2025-12-03T18:56:07.000Z', 'dV5Ns1etmXSSteV83kua');
INSERT OR IGNORE INTO products (id, name, description, barcode, cost_price, sale_price, stock, min_stock, category_id, created_at, updated_at, tenant_id) VALUES ('ZXubXrMIQI8AQ5oD9Pon', 'Suavizante Suavitel 900ml', 'Suavizante de ropa', '7702010000268', 7200, 10500, 18, 6, NULL, '2025-12-03T18:56:13.000Z', '2025-12-03T18:56:13.000Z', 'dV5Ns1etmXSSteV83kua');
INSERT OR IGNORE INTO products (id, name, description, barcode, cost_price, sale_price, stock, min_stock, category_id, created_at, updated_at, tenant_id) VALUES ('bRU9xaDLGN0ZTTT6FmOQ', 'Cerveza Águila 330ml', 'Cerveza nacional lata', '7702010000046', 1800, 3000, 80, 20, 'YE1so47M2ZEYtSlaGnb5', '2025-12-03T18:56:08.000Z', '2025-12-03T18:56:08.000Z', 'dV5Ns1etmXSSteV83kua');
INSERT OR IGNORE INTO products (id, name, description, barcode, cost_price, sale_price, min_stock, category_id, expiration_date, created_at, updated_at, stock, tenant_id) VALUES ('hFznQ7Jp8OkFBtl2ma3Q', 'Jamón de Pierna 250g', 'Jamón de cerdo', '7702010000244', 6500, 9500, 6, NULL, '2025-12-11T18:56:07.796Z', '2025-12-03T18:56:13.000Z', '2025-12-06T01:12:40.000Z', 0, 'dV5Ns1etmXSSteV83kua');
INSERT OR IGNORE INTO products (id, name, description, barcode, cost_price, sale_price, min_stock, category_id, created_at, updated_at, stock, tenant_id) VALUES ('mP3zw5ZXUVcw9sndtV36', 'Agua Manantial 600ml', 'Agua purificada sin gas', '7702010000022', 800, 1500, 30, 'YE1so47M2ZEYtSlaGnb5', '2025-12-03T18:56:08.000Z', '2025-12-04T03:35:01.000Z', 110, 'dV5Ns1etmXSSteV83kua');
INSERT OR IGNORE INTO products (id, name, description, barcode, cost_price, sale_price, stock, min_stock, category_id, expiration_date, created_at, updated_at, tenant_id) VALUES ('n4u4NNmbCkW4g9RVazow', 'Salchicha Zenú 500g', 'Salchicha tipo suiza', '7702010000237', 7500, 11000, 3, 8, NULL, '2025-12-15T18:56:07.796Z', '2025-12-03T18:56:12.000Z', '2025-12-03T18:56:12.000Z', 'dV5Ns1etmXSSteV83kua');
INSERT OR IGNORE INTO products (id, name, description, barcode, cost_price, sale_price, min_stock, category_id, created_at, updated_at, stock, tenant_id) VALUES ('pRkC2lqETPR3ID5jMU6L', 'Azúcar 500g', 'Azúcar refinada blanca', '7702010000183', 1500, 2500, 15, NULL, '2025-12-03T18:56:11.000Z', '2025-12-04T21:40:59.000Z', 0, 'dV5Ns1etmXSSteV83kua');
INSERT OR IGNORE INTO products (id, name, description, barcode, cost_price, sale_price, min_stock, category_id, created_at, updated_at, stock, tenant_id) VALUES ('qby16nVONcfSwgPESaI3', 'Chocolatina Jet', 'Chocolate con leche', '7702010000077', 800, 1500, 25, NULL, '2025-12-03T18:56:09.000Z', '2025-12-04T03:09:41.000Z', 98, 'dV5Ns1etmXSSteV83kua');
INSERT OR IGNORE INTO products (id, name, description, barcode, cost_price, sale_price, stock, min_stock, category_id, created_at, updated_at, tenant_id) VALUES ('rvBgNM6Luisnp2bZGbYz', 'Detergente Ariel 500g', 'Detergente en polvo', '7702010000251', 8500, 12500, 25, 8, NULL, '2025-12-03T18:56:13.000Z', '2025-12-03T18:56:13.000Z', 'dV5Ns1etmXSSteV83kua');
INSERT OR IGNORE INTO products (id, name, description, barcode, cost_price, sale_price, min_stock, category_id, created_at, updated_at, stock, tenant_id) VALUES ('u1c0HkrTr6xr77ASVmUm', 'Galletas Ducales 294g', 'Galletas de soda', '7702010000220', 2800, 4500, 12, 'YZcDGzoKyvKHCyiEYhUr', '2025-12-03T18:56:12.000Z', '2025-12-06T01:10:59.000Z', 0, 'dV5Ns1etmXSSteV83kua');
INSERT OR IGNORE INTO products (id, name, description, barcode, cost_price, sale_price, stock, min_stock, category_id, expiration_date, created_at, updated_at, tenant_id) VALUES ('xOta6ockDSYhoeNnTIj3', 'Leche Alpina Entera 1L', 'Leche entera ultra pasteurizada', '7702010000138', 3200, 4800, 30, 10, NULL, '2025-12-18T18:56:07.796Z', '2025-12-03T18:56:10.000Z', '2025-12-03T18:56:10.000Z', 'dV5Ns1etmXSSteV83kua');

-- CUSTOMERS (2 registros)
INSERT OR IGNORE INTO customers (id, name, email, phone, address, city, id_number, created_at, loyalty_points, updated_at, tenant_id) VALUES ('hMgEXUFv4fmrhJoMzCKe', 'Alex', 'email@gmail.cmo', '3108143752', 'Barrio Porvenir', 'Colón', '111111111', '2025-12-03T18:28:03.000Z', 10, '2025-12-04T03:09:43.000Z', 'dV5Ns1etmXSSteV83kua');
INSERT OR IGNORE INTO customers (id, name, phone, email, loyalty_points, created_at, updated_at, tenant_id) VALUES ('t0BUlsHjRDvQbGXm5dI0', 'Albert Helsperg', '3103103100', 'imeil@gamil.com', 0, '2025-12-04T21:40:31.000Z', '2025-12-04T21:40:31.000Z', 'dV5Ns1etmXSSteV83kua');

-- CATEGORIES (12 registros)
INSERT OR IGNORE INTO categories (id, name, description, created_at, updated_at, tenant_id) VALUES ('6RWR3syQCs6oE8anll0h', 'Licores', 'Bebidas alcohólicas', '2025-11-29T15:37:00.000Z', '2025-11-29T15:37:00.000Z', 'dV5Ns1etmXSSteV83kua');
INSERT OR IGNORE INTO categories (id, name, description, created_at, updated_at, tenant_id) VALUES ('CGb9nnEu8XVONEhJHd6i', 'Otros', 'Productos varios', '2025-11-29T15:37:00.000Z', '2025-11-29T15:37:00.000Z', 'dV5Ns1etmXSSteV83kua');
INSERT OR IGNORE INTO categories (id, name, description, created_at, updated_at, tenant_id) VALUES ('R1nIDHzCQNUZi6sOfzce', 'Snacks y Dulces', 'Golosinas y aperitivos', '2025-11-29T15:37:00.000Z', '2025-11-29T15:37:00.000Z', 'dV5Ns1etmXSSteV83kua');
INSERT OR IGNORE INTO categories (id, name, description, created_at, updated_at, tenant_id) VALUES ('WPL0W4cmdlZyZvcA7DKi', 'Carnes y Pescados', 'Productos cárnicos y mariscos', '2025-11-29T15:36:58.000Z', '2025-11-29T15:36:58.000Z', 'dV5Ns1etmXSSteV83kua');
INSERT OR IGNORE INTO categories (id, name, description, created_at, updated_at, tenant_id) VALUES ('YE1so47M2ZEYtSlaGnb5', 'Bebidas', 'Bebidas frías, calientes y alcohólicas', '2025-11-29T15:36:59.000Z', '2025-11-29T15:36:59.000Z', 'dV5Ns1etmXSSteV83kua');
INSERT OR IGNORE INTO categories (id, name, description, created_at, updated_at, tenant_id) VALUES ('YZcDGzoKyvKHCyiEYhUr', 'Panadería', 'Pan y productos de panadería', '2025-11-29T15:36:58.000Z', '2025-11-29T15:36:58.000Z', 'dV5Ns1etmXSSteV83kua');
INSERT OR IGNORE INTO categories (id, name, description, created_at, updated_at, tenant_id) VALUES ('YnUFneustVaGdFGNVchi', 'Despensa', 'Granos, pastas, enlatados', '2025-11-29T15:36:59.000Z', '2025-11-29T15:36:59.000Z', 'dV5Ns1etmXSSteV83kua');
INSERT OR IGNORE INTO categories (id, name, description, created_at, updated_at, tenant_id) VALUES ('eUgCyfVfMxZPEBun7sRd', 'Aseo y Limpieza', 'Productos de limpieza del hogar', '2025-11-29T15:36:59.000Z', '2025-11-29T15:36:59.000Z', 'dV5Ns1etmXSSteV83kua');
INSERT OR IGNORE INTO categories (id, name, description, created_at, updated_at, tenant_id) VALUES ('fdvP9UwPEPCahZcaXEaV', 'Congelados', 'Productos congelados', '2025-11-29T15:37:00.000Z', '2025-11-29T15:37:00.000Z', 'dV5Ns1etmXSSteV83kua');
INSERT OR IGNORE INTO categories (id, name, description, created_at, updated_at, tenant_id) VALUES ('hB9xeI5pfrn5CU3M637r', 'Cuidado Personal', 'Productos de higiene personal', '2025-11-29T15:36:59.000Z', '2025-11-29T15:36:59.000Z', 'dV5Ns1etmXSSteV83kua');
INSERT OR IGNORE INTO categories (id, name, description, created_at, updated_at, tenant_id) VALUES ('udvQJA2CZFaqjjUiNZKh', 'Lácteos y Huevos', 'Leche, quesos, yogurt y huevos', '2025-11-29T15:36:58.000Z', '2025-11-29T15:36:58.000Z', 'dV5Ns1etmXSSteV83kua');
INSERT OR IGNORE INTO categories (id, name, description, created_at, updated_at, tenant_id) VALUES ('wXVsCIUTlH2SdXszWYxY', 'Frutas y Verduras', 'Productos frescos', '2025-11-29T15:36:57.000Z', '2025-11-29T15:36:57.000Z', 'dV5Ns1etmXSSteV83kua');

-- SALE_ITEMS (18 registros)
INSERT OR IGNORE INTO sale_items (id, sale_id, product_id, quantity, unit_price, discount, subtotal, created_at, tenant_id) VALUES ('362UWyEHMZDESB2weJnu', 'CxLWPydJMZus4CdAgFCB', 'mP3zw5ZXUVcw9sndtV36', 8, 1500, 0, 12000, '2025-12-03T19:22:46.000Z', 'dV5Ns1etmXSSteV83kua');
INSERT OR IGNORE INTO sale_items (id, sale_id, product_id, quantity, unit_price, discount, subtotal, created_at, tenant_id) VALUES ('68CtW77eAu3IapsBc5oj', 'U14rIUIwSfUGnDo81MLn', 'pRkC2lqETPR3ID5jMU6L', 3, 2500, 0, 7500, '2025-12-04T21:40:59.000Z', 'dV5Ns1etmXSSteV83kua');
INSERT OR IGNORE INTO sale_items (id, sale_id, product_id, quantity, unit_price, discount, subtotal, created_at, tenant_id) VALUES ('6eLOZtSlO81T21mb9F2N', 'a63tionbaTLTceRquja4', '8yOVjanUBgSH1eWuVwKH', 1, 15900, 0, 15900, '2025-12-03T03:42:15.000Z', 'dV5Ns1etmXSSteV83kua');
INSERT OR IGNORE INTO sale_items (id, sale_id, product_id, quantity, unit_price, discount, subtotal, created_at, tenant_id) VALUES ('DjeMk1LNWK5f9C5lHFER', 'FcNzjJzvAzfqUmhZyswV', 'RQwW0mI3Zg7rRtVvD9YU', 1, 4000, 0, 4000, '2025-12-05T01:46:25.000Z', 'dV5Ns1etmXSSteV83kua');
INSERT OR IGNORE INTO sale_items (id, sale_id, product_id, quantity, unit_price, discount, subtotal, created_at, tenant_id) VALUES ('DsWoasEOIDWaQ6JAWoG5', '7GSqqN6zklLelwfHDsMA', 'hFznQ7Jp8OkFBtl2ma3Q', 2, 9500, 0, 19000, '2025-12-06T01:12:39.000Z', 'dV5Ns1etmXSSteV83kua');
INSERT OR IGNORE INTO sale_items (id, sale_id, product_id, quantity, unit_price, discount, subtotal, created_at, tenant_id) VALUES ('E06QFboesVE7TtjMOOJT', 'ZHlxYv3LOlX1FHg31WgV', 'mP3zw5ZXUVcw9sndtV36', 1, 1500, 0, 1500, '2025-12-04T03:35:01.000Z', 'dV5Ns1etmXSSteV83kua');
INSERT OR IGNORE INTO sale_items (id, sale_id, product_id, quantity, unit_price, discount, subtotal, created_at, tenant_id) VALUES ('KgJM6Tit2jcwYlzZN3T6', 'uFEYi1AR4VMaJNHUrJAr', '1rMnmhi2bkomKkweuOXj', 1, 2800, 0, 2800, '2025-12-03T19:34:36.000Z', 'dV5Ns1etmXSSteV83kua');
INSERT OR IGNORE INTO sale_items (id, sale_id, product_id, quantity, unit_price, discount, subtotal, created_at, tenant_id) VALUES ('QoynCpyk5I63KMti6edy', 'YIgVyygiZgnCkgIOFi33', 'u1c0HkrTr6xr77ASVmUm', 40, 4500, 0, 180000, '2025-12-06T01:10:59.000Z', 'dV5Ns1etmXSSteV83kua');
INSERT OR IGNORE INTO sale_items (id, sale_id, product_id, quantity, unit_price, discount, subtotal, created_at, tenant_id) VALUES ('UyuAymlvURQm3eELtxJb', 'uFEYi1AR4VMaJNHUrJAr', 'pRkC2lqETPR3ID5jMU6L', 47, 2500, 0, 117500, '2025-12-03T19:34:36.000Z', 'dV5Ns1etmXSSteV83kua');
INSERT OR IGNORE INTO sale_items (id, sale_id, product_id, quantity, unit_price, discount, subtotal, created_at, tenant_id) VALUES ('VM9ovjOHCHkwvYn2EFuq', 'uFEYi1AR4VMaJNHUrJAr', 'qby16nVONcfSwgPESaI3', 1, 1500, 0, 1500, '2025-12-03T19:34:37.000Z', 'dV5Ns1etmXSSteV83kua');
INSERT OR IGNORE INTO sale_items (id, sale_id, product_id, quantity, unit_price, discount, subtotal, created_at, tenant_id) VALUES ('YDIRcBLeDmQkbmGhBaKT', 'CxLWPydJMZus4CdAgFCB', '1rMnmhi2bkomKkweuOXj', 59, 2800, 0, 165200, '2025-12-03T19:22:47.000Z', 'dV5Ns1etmXSSteV83kua');
INSERT OR IGNORE INTO sale_items (id, sale_id, product_id, quantity, unit_price, discount, subtotal, created_at, tenant_id) VALUES ('dPoX334pJvuNqvzlGPYo', 'ZYDaBe1NzneA0QxWoM9W', 'krxMIbXtMzWHsmGZHU3q', 25, 12000, 0, 300000, '2025-12-05T23:36:47.000Z', 'dV5Ns1etmXSSteV83kua');
INSERT OR IGNORE INTO sale_items (id, sale_id, product_id, quantity, unit_price, discount, subtotal, created_at, tenant_id) VALUES ('eiLOg0Mnl9getqqHpHZ0', 'xVnjW4M1sNAJBG3SpGe6', '6AhJbHTY3OOr3a9LsfZZ', 1, 5500, 0, 5500, '2025-12-04T03:09:40.000Z', 'dV5Ns1etmXSSteV83kua');
INSERT OR IGNORE INTO sale_items (id, sale_id, product_id, quantity, unit_price, discount, subtotal, created_at, tenant_id) VALUES ('gKBo9owdZwfcfsoYZAHc', 'xVnjW4M1sNAJBG3SpGe6', 'NxOsBQxo0aOmsTdFihe8', 5, 12000, 0, 60000, '2025-12-04T03:09:42.000Z', 'dV5Ns1etmXSSteV83kua');
INSERT OR IGNORE INTO sale_items (id, sale_id, product_id, quantity, unit_price, discount, subtotal, created_at, tenant_id) VALUES ('hrOl868RtNJrlUwXrCM5', 'xVnjW4M1sNAJBG3SpGe6', 'qby16nVONcfSwgPESaI3', 1, 1500, 0, 1500, '2025-12-04T03:09:41.000Z', 'dV5Ns1etmXSSteV83kua');
INSERT OR IGNORE INTO sale_items (id, sale_id, product_id, quantity, unit_price, discount, subtotal, created_at, tenant_id) VALUES ('lIpJSBXtEVrPDQJug0lw', 'aUYSySnybu7bq5l19WOo', '8yOVjanUBgSH1eWuVwKH', 1, 15900, 0, 15900, '2025-12-03T16:58:17.000Z', 'dV5Ns1etmXSSteV83kua');
INSERT OR IGNORE INTO sale_items (id, sale_id, product_id, quantity, unit_price, discount, subtotal, created_at, tenant_id) VALUES ('opbET2Rz6S1wdu8kjgg4', 'SAdJLMsOwBZJcGsBnBFZ', 'krxMIbXtMzWHsmGZHU3q', 7, 12000, 0, 84000, '2025-12-06T04:27:44.000Z', 'dV5Ns1etmXSSteV83kua');
INSERT OR IGNORE INTO sale_items (id, sale_id, product_id, quantity, unit_price, discount, subtotal, created_at, tenant_id) VALUES ('wjPfhYVxbh1QieQm9957', 'xVnjW4M1sNAJBG3SpGe6', 'mP3zw5ZXUVcw9sndtV36', 1, 1500, 0, 1500, '2025-12-04T03:09:40.000Z', 'dV5Ns1etmXSSteV83kua');

-- INVENTORY_MOVEMENTS (17 registros)
INSERT OR IGNORE INTO inventory_movements (id, product_id, type, quantity, previous_stock, new_stock, reference_type, reference_id, notes, user_id, created_at, tenant_id) VALUES ('0K4RgB9LJJLuZjSsAbpg', 'krxMIbXtMzWHsmGZHU3q', 'salida', 25, 25, 0, 'venta', 'ZYDaBe1NzneA0QxWoM9W', 'Venta VTA-20251205-000002', 'dV5Ns1etmXSSteV83kua', '2025-12-05T23:36:48.000Z', 'dV5Ns1etmXSSteV83kua');
INSERT OR IGNORE INTO inventory_movements (id, product_id, type, quantity, previous_stock, new_stock, reference_type, reference_id, notes, user_id, created_at, tenant_id) VALUES ('2httLszE1nRKiCKqz4F9', '6AhJbHTY3OOr3a9LsfZZ', 'salida', 1, 30, 29, 'venta', 'xVnjW4M1sNAJBG3SpGe6', 'Venta VTA-20251204-000001', 'dV5Ns1etmXSSteV83kua', '2025-12-04T03:09:41.000Z', 'dV5Ns1etmXSSteV83kua');
INSERT OR IGNORE INTO inventory_movements (id, product_id, type, quantity, previous_stock, new_stock, reference_type, reference_id, notes, user_id, created_at, tenant_id) VALUES ('GyIDfPjKFDJirxT0TmBC', 'qby16nVONcfSwgPESaI3', 'salida', 1, 99, 98, 'venta', 'xVnjW4M1sNAJBG3SpGe6', 'Venta VTA-20251204-000001', 'dV5Ns1etmXSSteV83kua', '2025-12-04T03:09:42.000Z', 'dV5Ns1etmXSSteV83kua');
INSERT OR IGNORE INTO inventory_movements (id, product_id, type, quantity, previous_stock, new_stock, reference_type, reference_id, notes, user_id, created_at, tenant_id) VALUES ('IFC4MrRRDCAoo2Zb0kzk', 'krxMIbXtMzWHsmGZHU3q', 'salida', 7, 10, 3, 'venta', 'SAdJLMsOwBZJcGsBnBFZ', 'Venta VTA-20251206-000003', 'dV5Ns1etmXSSteV83kua', '2025-12-06T04:27:45.000Z', 'dV5Ns1etmXSSteV83kua');
INSERT OR IGNORE INTO inventory_movements (id, product_id, type, quantity, previous_stock, new_stock, reference_type, reference_id, notes, user_id, created_at, tenant_id) VALUES ('K3gLwPdKn5StR4tvUtd0', '1rMnmhi2bkomKkweuOXj', 'salida', 1, 1, 0, 'venta', 'uFEYi1AR4VMaJNHUrJAr', 'Venta VTA-20251203-000004', 'dV5Ns1etmXSSteV83kua', '2025-12-03T19:34:36.000Z', 'dV5Ns1etmXSSteV83kua');
INSERT OR IGNORE INTO inventory_movements (id, product_id, type, quantity, previous_stock, new_stock, reference_type, reference_id, notes, user_id, created_at, tenant_id) VALUES ('LZC4XjLI86LiDOfNDIVZ', 'u1c0HkrTr6xr77ASVmUm', 'salida', 40, 40, 0, 'venta', 'YIgVyygiZgnCkgIOFi33', 'Venta VTA-20251206-000001', 'dV5Ns1etmXSSteV83kua', '2025-12-06T01:11:00.000Z', 'dV5Ns1etmXSSteV83kua');
INSERT OR IGNORE INTO inventory_movements (id, product_id, type, quantity, previous_stock, new_stock, reference_type, reference_id, notes, user_id, created_at, tenant_id) VALUES ('OwS5sfSfhGoSgCqO6oT6', 'NxOsBQxo0aOmsTdFihe8', 'salida', 5, 20, 15, 'venta', 'xVnjW4M1sNAJBG3SpGe6', 'Venta VTA-20251204-000001', 'dV5Ns1etmXSSteV83kua', '2025-12-04T03:09:42.000Z', 'dV5Ns1etmXSSteV83kua');
INSERT OR IGNORE INTO inventory_movements (id, product_id, type, quantity, previous_stock, new_stock, reference_type, reference_id, notes, user_id, created_at, tenant_id) VALUES ('TvT70kuM0u7D1iAhtgSL', '8yOVjanUBgSH1eWuVwKH', 'salida', 1, 1, 0, 'venta', 'aUYSySnybu7bq5l19WOo', 'Venta VTA-20251203-000002', 'dV5Ns1etmXSSteV83kua', '2025-12-03T16:58:17.000Z', 'dV5Ns1etmXSSteV83kua');
INSERT OR IGNORE INTO inventory_movements (id, product_id, type, quantity, previous_stock, new_stock, reference_type, reference_id, notes, user_id, created_at, tenant_id) VALUES ('TwHmS9udLMedKHpBLXpv', 'RQwW0mI3Zg7rRtVvD9YU', 'salida', 1, 20, 19, 'venta', 'FcNzjJzvAzfqUmhZyswV', 'Venta VTA-20251205-000001', 'dV5Ns1etmXSSteV83kua', '2025-12-05T01:46:25.000Z', 'dV5Ns1etmXSSteV83kua');
INSERT OR IGNORE INTO inventory_movements (id, product_id, type, quantity, previous_stock, new_stock, reference_type, reference_id, notes, user_id, created_at, tenant_id) VALUES ('Yj47NZYVlDL3fTcUkJsw', 'pRkC2lqETPR3ID5jMU6L', 'salida', 47, 50, 3, 'venta', 'uFEYi1AR4VMaJNHUrJAr', 'Venta VTA-20251203-000004', 'dV5Ns1etmXSSteV83kua', '2025-12-03T19:34:37.000Z', 'dV5Ns1etmXSSteV83kua');
INSERT OR IGNORE INTO inventory_movements (id, product_id, type, quantity, previous_stock, new_stock, reference_type, reference_id, notes, user_id, created_at, tenant_id) VALUES ('jtnluoRG2ILCJOmKbdvx', 'hFznQ7Jp8OkFBtl2ma3Q', 'salida', 2, 2, 0, 'venta', '7GSqqN6zklLelwfHDsMA', 'Venta VTA-20251206-000002', 'dV5Ns1etmXSSteV83kua', '2025-12-06T01:12:40.000Z', 'dV5Ns1etmXSSteV83kua');
INSERT OR IGNORE INTO inventory_movements (id, product_id, type, quantity, previous_stock, new_stock, reference_type, reference_id, notes, user_id, created_at, tenant_id) VALUES ('mxdnkGi0qNrI2IS6iv77', 'mP3zw5ZXUVcw9sndtV36', 'salida', 1, 111, 110, 'venta', 'ZHlxYv3LOlX1FHg31WgV', 'Venta VTA-20251204-000002', 'dV5Ns1etmXSSteV83kua', '2025-12-04T03:35:02.000Z', 'dV5Ns1etmXSSteV83kua');
INSERT OR IGNORE INTO inventory_movements (id, product_id, type, quantity, previous_stock, new_stock, reference_type, reference_id, notes, user_id, created_at, tenant_id) VALUES ('n44rqNvxZlZ2bfWJiy8f', 'mP3zw5ZXUVcw9sndtV36', 'salida', 1, 112, 111, 'venta', 'xVnjW4M1sNAJBG3SpGe6', 'Venta VTA-20251204-000001', 'dV5Ns1etmXSSteV83kua', '2025-12-04T03:09:40.000Z', 'dV5Ns1etmXSSteV83kua');
INSERT OR IGNORE INTO inventory_movements (id, product_id, type, quantity, previous_stock, new_stock, reference_type, reference_id, notes, user_id, created_at, tenant_id) VALUES ('nN7hbjKDaBB00SJCQ3xl', 'mP3zw5ZXUVcw9sndtV36', 'salida', 8, 120, 112, 'venta', 'CxLWPydJMZus4CdAgFCB', 'Venta VTA-20251203-000003', 'dV5Ns1etmXSSteV83kua', '2025-12-03T19:22:47.000Z', 'dV5Ns1etmXSSteV83kua');
INSERT OR IGNORE INTO inventory_movements (id, product_id, type, quantity, previous_stock, new_stock, reference_type, reference_id, notes, user_id, created_at, tenant_id) VALUES ('wVHItR9OexsXvhYHrv9c', '1rMnmhi2bkomKkweuOXj', 'salida', 59, 60, 1, 'venta', 'CxLWPydJMZus4CdAgFCB', 'Venta VTA-20251203-000003', 'dV5Ns1etmXSSteV83kua', '2025-12-03T19:22:48.000Z', 'dV5Ns1etmXSSteV83kua');
INSERT OR IGNORE INTO inventory_movements (id, product_id, type, quantity, previous_stock, new_stock, reference_type, reference_id, notes, user_id, created_at, tenant_id) VALUES ('xkXTgY9GOFmTmMiIKtgi', 'pRkC2lqETPR3ID5jMU6L', 'salida', 3, 3, 0, 'venta', 'U14rIUIwSfUGnDo81MLn', 'Venta VTA-20251204-000003', 'dV5Ns1etmXSSteV83kua', '2025-12-04T21:40:59.000Z', 'dV5Ns1etmXSSteV83kua');
INSERT OR IGNORE INTO inventory_movements (id, product_id, type, quantity, previous_stock, new_stock, reference_type, reference_id, notes, user_id, created_at, tenant_id) VALUES ('zXbKiRBKqFJZZzXxKT8x', 'qby16nVONcfSwgPESaI3', 'salida', 1, 100, 99, 'venta', 'uFEYi1AR4VMaJNHUrJAr', 'Venta VTA-20251203-000004', 'dV5Ns1etmXSSteV83kua', '2025-12-03T19:34:37.000Z', 'dV5Ns1etmXSSteV83kua');

-- OFFERS (2 registros)
INSERT OR IGNORE INTO offers (id, product_id, discount_percentage, start_date, end_date, is_active, reason, created_at, updated_at, tenant_id) VALUES ('Eolgpp1qsTIxyTlRl3uc', 'NEDkLJDVDiKuzH36RQoR', 10, '2025-12-06T01:11:49.021Z', '2025-12-10T18:56:07.796Z', true, 'proximoAVencer', '2025-12-06T01:11:49.000Z', '2025-12-06T01:11:49.000Z', 'dV5Ns1etmXSSteV83kua');
INSERT OR IGNORE INTO offers (id, product_id, discount_percentage, start_date, end_date, is_active, reason, created_at, updated_at, tenant_id) VALUES ('eT5KJ5ZhGjFFHzsYfNAL', 'hFznQ7Jp8OkFBtl2ma3Q', 30, '2025-12-06T01:11:59.139Z', '2025-12-11T18:56:07.796Z', true, 'proximoAVencer', '2025-12-06T01:11:59.000Z', '2025-12-06T01:11:59.000Z', 'dV5Ns1etmXSSteV83kua');

PRAGMA foreign_keys = ON;
